{"PPO": {"rewards": [30.89, 21.05, 1.02, 50.82, 50.94, 11.03, 20.98, 20.87, 50.8, 50.89, 50.78, 20.84, 30.86, 70.77, 70.7, 40.86, 40.72, 50.86, 50.8, 20.89, 70.77, 100.66, 20.72, 100.63, 90.65, 110.61, 130.7, 70.69, 100.54, 80.67, 120.6, 170.48, 170.47, 120.51, 210.44, 160.43, 200.32, 200.37, 200.37, 250.27, 170.41, 150.38, 230.29, 220.29, 310.17, 180.37, 240.32, 200.35, 200.28, 230.28, 250.26, 230.26, 270.26, 280.19, 290.2, 290.18, 310.14, 330.11, 290.23, 360.08, 320.15, 310.16, 310.14, 300.16, 350.09, 320.15, 270.18, 320.17, 370.08, 300.14, 350.11, 350.09, 390.03, 380.05, 380.06, 350.09, 370.05, 340.12, 360.09, 380.03, 360.07, 390.01, 350.09, 370.06, 360.07, 380.06, 390.02, 340.1, 400.01, 360.09, 370.07, 390.02, 380.06, 370.04, 380.07, 370.06, 380.04, 350.08, 380.04, 380.02, 360.06, 380.04, 380.05, 380.06, 380.04, 370.04, 370.04, 380.04, 380.05, 380.02, 390.02, 370.06, 380.03, 400.01, 400.0, 390.02, 390.03, 390.04, 380.04, 380.03, 380.03, 390.02, 380.04, 390.04, 400.0, 380.03, 400.0, 400.01, 380.04, 390.02, 370.04, 390.03, 380.03, 400.0, 400.0, 380.05, 390.02, 390.03, 400.01, 370.04, 390.02, 380.03, 390.02, 360.07, 390.01, 390.02, 400.01, 390.02, 390.03, 400.0, 380.02, 390.02, 380.04, 390.01, 400.01, 380.03, 390.01, 400.01, 380.02, 390.01, 400.01, 390.01, 380.03, 380.04, 390.01, 380.02, 390.03, 380.04, 400.01, 400.0, 390.01, 390.02, 400.0, 390.01, 400.01, 390.02, 390.01, 400.02, 390.01, 380.03, 400.0, 400.0, 400.0, 400.01, 390.03, 400.0, 400.0, 390.01, 400.01, 390.01, 400.01, 400.0, 400.01, 400.0, 380.02, 400.01, 390.01, 380.04, 400.0, 400.01], "innovation": [0.00010813625704031438, 7.613521302118897e-05, 5.39541979378555e-05, 9.151250560535118e-05, 0.000106450890598353, 1.184917982754996e-05, 2.805115764203947e-05, 3.65520354534965e-05, 2.457450500514824e-05, 3.112193735432811e-05, 1.3213116289989557e-05, 1.0100153303937986e-05, 9.472194506088272e-06, 1.519614761491539e-05, 2.8623335310840048e-05, 9.887164196697995e-05, 2.8677182854153216e-05, 1.592066473676823e-05, 3.283677506260574e-05, 1.1377057489880826e-05, 1.795461321307812e-05, 1.95925294974586e-05, 1.46466381920618e-05, 1.5240207176248077e-05, 7.970864317030646e-06, 2.209536251029931e-05, 7.076319889165461e-05, 6.179203774081543e-05, 9.502427019469906e-06, 7.1246463448915165e-06, 6.1910463955427986e-06, 0.0001067410412360914, 2.815646985254716e-05, 4.151773828198202e-05, 9.63744823820889e-05, 1.8648313925950788e-05, 1.730579970171675e-05, 2.9032566089881584e-05, 6.617887993343174e-05, 8.41412565932842e-06, 5.657133078784682e-05, 2.690492146939505e-05, 1.1168691344209947e-05, 3.4826887713279575e-05, 7.9695073509356e-06, 2.634812335600145e-05, 1.4861107047181576e-05, 2.5191635359078646e-05, 2.308719740540255e-05, 7.694450687267818e-06, 1.801189864636399e-05, 1.0131839189853054e-05, 2.2018437448423356e-05, 3.1051207770360634e-05, 1.6585829143878073e-05, 1.1641496712400112e-05, 5.349697676138021e-05, 1.6330939615727402e-05, 1.380393405270297e-05, 0.0001664832525420934, 1.7671009118203074e-05, 9.560252692608628e-06, 1.482303468947066e-05, 4.927682675770484e-05, 2.0646742996177636e-05, 5.859042357769795e-05, 3.2023468520492315e-05, 6.177224713610485e-05, 0.0001960420049726963, 4.699172859545797e-05, 3.062336691073142e-05, 2.6247324058203958e-05, 0.0001865082886070013, 0.00012860338028986007, 5.660660099238157e-05, 8.882687689037994e-05, 0.00010152473259950057, 2.1905834728386253e-05, 2.772904008452315e-05, 3.03593205899233e-05, 2.109974047925789e-05, 7.207780436147004e-05, 6.242539529921487e-05, 3.322189877508208e-05, 5.743361543864012e-05, 3.999139153165743e-05, 2.2879828975419514e-05, 2.332097210455686e-05, 2.0875024347333238e-05, 0.00017964122525881976, 4.9185840907739475e-05, 1.7783620933187194e-05, 0.00022017929586581886, 4.7158329834928736e-05, 0.00017577879771124572, 1.802947917894926e-05, 0.00017861845844890922, 4.733219975605607e-05, 0.00012573509593494236, 4.298569183447398e-05, 8.387574052903801e-05, 7.336198905250058e-05, 3.1962226785253733e-05, 0.000204057723749429, 0.00014117348473519087, 4.254826490068808e-05, 7.766422640997916e-05, 0.0001188917231047526, 8.160528523148969e-05, 4.381600228953175e-05, 3.1800722354091704e-05, 7.966740668052807e-05, 2.7737203708966263e-05, 2.364982537983451e-05, 1.959537257789634e-05, 2.1909430870437063e-05, 3.467190981609747e-05, 3.4440410672686994e-05, 4.1194773075403646e-05, 8.44281203171704e-06, 0.00013234456127975136, 9.49691457208246e-06, 1.1481883120723069e-05, 0.0002772703592199832, 0.00026811048155650496, 6.267716526053846e-05, 5.888176747248508e-05, 1.5623665603925474e-05, 3.4082975616911426e-05, 3.68795263057109e-05, 3.9552378439111635e-05, 0.0002066407905658707, 1.8103255570167676e-05, 1.753234028001316e-05, 1.554191840114072e-05, 1.3674320143763907e-05, 2.0585839592968114e-05, 3.344569995533675e-05, 0.00025334677775390446, 1.0830976862052921e-05, 0.00018963584443554282, 4.5172513637226075e-05, 1.371065627608914e-05, 1.0015061889134813e-05, 2.1921383449807763e-05, 3.479013321339153e-05, 8.44211444928078e-06, 2.8947380997124128e-05, 0.0002263147325720638, 0.00028862484032288194, 1.644132862566039e-05, 1.663255534367636e-05, 1.5644043742213398e-05, 1.440715368516976e-05, 0.00026532140327617526, 1.7570961063029245e-05, 4.7974179324228317e-05, 1.649695150263142e-05, 6.00018393015489e-05, 2.0850333385169506e-05, 9.440997928322759e-06, 1.6630907339276746e-05, 6.5031049416575115e-06, 5.010582754039206e-06, 4.925074335915269e-06, 3.9421402107109316e-06, 1.9422821424086578e-05, 3.884122179442784e-06, 0.00032865320099517703, 0.0002982831501867622, 9.594738003215753e-06, 2.7124637199449353e-05, 2.466290970914997e-05, 2.135547765647061e-05, 0.00026011219597421587, 0.00020823498198296875, 3.765103974728845e-05, 0.0002270530821988359, 3.420900975470431e-05, 4.63370670331642e-05, 4.405062645673752e-05, 3.905561243300326e-05, 3.389184712432325e-05, 1.7107178791775368e-05, 0.00023633587989024818, 0.0002331042633159086, 0.0002066748565994203, 4.7976143832784146e-05, 3.923503390979022e-05, 8.706327935215086e-05, 5.474958015838638e-05, 4.6882694732630625e-05, 0.0002054427459370345, 0.00020564801525324583, 0.00010549654689384624, 0.00019006518414244056, 4.426006125868298e-05, 9.557671728543937e-05, 6.71118832542561e-05, 4.6630964789073914e-05]}, "IG-PPO": {"rewards": [10.99, 30.94, 21.02, 1.1, 20.92, 21.14, 11.11, 10.97, 20.89, 10.85, 21.01, 30.85, 0.93, 50.93, 20.77, 80.83, 40.9, 30.77, 10.87, 20.87, 20.87, 40.87, 70.69, 50.76, 40.74, 110.6, 30.71, 60.68, 110.57, 60.77, 50.69, 50.73, 50.67, 110.59, 130.51, 90.55, 80.64, 150.49, 130.47, 130.58, 110.54, 110.54, 90.56, 200.45, 130.48, 130.43, 160.45, 170.33, 210.41, 190.33, 160.42, 230.3, 260.24, 210.34, 300.24, 260.24, 240.33, 300.18, 240.27, 260.25, 290.2, 330.13, 340.1, 290.18, 280.21, 280.19, 270.25, 330.14, 350.11, 320.16, 280.23, 310.14, 330.14, 330.16, 340.08, 280.21, 360.12, 320.13, 330.1, 350.11, 310.14, 300.15, 330.13, 330.12, 320.16, 370.06, 370.04, 360.05, 360.07, 360.08, 370.05, 350.09, 380.05, 380.02, 340.12, 370.04, 370.06, 370.05, 400.01, 360.06, 380.04, 340.11, 360.06, 380.02, 380.05, 350.09, 350.09, 380.04, 360.07, 370.06, 380.03, 390.02, 400.02, 380.04, 390.04, 390.02, 390.02, 370.06, 390.02, 390.05, 390.02, 390.01, 390.02, 380.04, 380.04, 370.04, 400.04, 390.01, 380.04, 390.03, 400.02, 390.02, 400.02, 370.06, 380.02, 380.05, 400.02, 390.02, 380.02, 390.02, 380.04, 370.04, 380.04, 390.03, 380.02, 400.02, 390.02, 380.02, 400.02, 400.0, 400.01, 380.03, 390.02, 390.02, 390.01, 400.01, 390.02, 390.03, 390.01, 400.0, 390.03, 390.02, 400.0, 390.03, 390.02, 400.01, 400.0, 390.02, 390.01, 390.03, 400.01, 400.01, 400.01, 390.01, 400.02, 390.01, 400.02, 400.01, 390.01, 390.02, 380.03, 400.0, 390.02, 390.03, 380.03, 400.02, 400.0, 380.02, 380.04, 380.04, 390.02, 400.01, 400.0, 390.01, 400.0, 400.02, 390.01, 400.0, 390.02, 400.02],