seed,epoch,avg_loss,accuracy,time_elapsed
0,1,25.337307691574097,0.014,0.037856
0,2,18.10994529724121,0.006,0.063197
0,3,13.539349138736725,0.008,0.088478
0,4,10.682040870189667,0.01,0.113671
0,5,8.82761561870575,0.016,0.138473
